<assembly xmlns:xsi="http://www.w3.org/2001/XMLSchema-instance" xmlns="http://maven.apache.org/plugins/maven-assembly-plugin/assembly/1.1.0" xsi:schemaLocation="http://maven.apache.org/plugins/maven-assembly-plugin/assembly/1.1.0 http://maven.apache.org/xsd/assembly-1.1.0.xsd">

	<id>with-dependencies</id>
	<includeBaseDirectory>false</includeBaseDirectory>

	<formats>
		<format>jar</format>
	</formats>

	<dependencySets>
		<!-- Unpack everything -->
		<dependencySet>
			<outputDirectory>/</outputDirectory>
			<useProjectArtifact>true</useProjectArtifact>
			<scope>runtime</scope>
			<unpack>true</unpack>
			<excludes>
				<exclude>logback.xml</exclude>
				<exclude>**/logback.xml</exclude>
			</excludes>
		</dependencySet>
	</dependencySets>
	<fileSets>
		<fileSet>
			<directory>src/main/resources</directory>
			<outputDirectory>/</outputDirectory>
			<includes>
				<include>logback.xml</include>
			</includes>
		</fileSet>
	</fileSets>
	<containerDescriptorHandlers>
		<containerDescriptorHandler>
			<handlerName>metaInf-services</handlerName>
		</containerDescriptorHandler>
	</containerDescriptorHandlers>

</assembly>
